Italienisch;Deutsch;Notizen;Tags;
può regalarci gioia immensa;…kann uns enorme Freude schenken;;rede;
figurati!;passt scho, gerne, aber auch ungläubig: stell dir vor!;;rede;
scegliere qn./qc.;(aus)wählen;scelgo - sceglievo - ho scelto - sceglierò;;
sputare il rospo;(ein Geheimnis oä) etw endlich ausspucken;;rede;
(ho) spento (elektr) / spengo / spengere;(habe) ausgeschaltet (elektr);;;
cadere;(hinab)fallen, (ab)stürzen;;;
sempre di corsa;(nicht in giro) immer in Eile/hektisch;;rede;
muover(si) / ho mosso / mi sono mosso;(sich) bewegen;;;
trattenere(si) qn./qc.;(sich) zurück-/anhalten, auch behalten;"trattenere il respiro, trattenere le lacrime
trattengo - trattenevo - mi sono trattenuto - tratterò";;
registrazione;(Ton-)Aufnahme;;;
due etti, un etto;200 Gramm, 100 Gramm;;;
a partire da;ab (Zeitpunkt, nicht nur da!);;zeit;
staccare;abbrechen, -trennen, -heben, -schalten...;;;
ma poi finisce;aber dann ist Schluss;;rede;
ma prima di questo …;aber davor …;;;
ma si è rivelato diverso dal previsto;aber es kam anders als erwartet;;;
Ma prima di questo, faccio qc;Aber zuvor/vorher, ich mache....;;;
scadenza per la consegna;Abgabetermin;;;
essere scaduto;abgelaufen sein;;;
fuori mano;abgelegen (wohnen), ausser Reichweite;;;
Affare fatto!;Abgemacht! (nicht deciso);;;
a parte che;abgesehen davon dass...;;;
abisso;Abgrund;;;
E se tu riguarderai a lungo in un abisso, anche l'abisso vorrà guardare dentro di te;das Abgrund Zitat;;rede;
dipendente da qu/qc;abhängig von;;;
ritirare qc;abholen, zurücknehmen (Sache);;;
scadere;ablaufen, verfallen (Pass, Lebensmittel);;;
declinare;ablehnen/-weichen/-nehmen, sinken, schwinden;;;
manovra diversiva;Ablenkungsmanöver;;;
dimagrire;abnehmen (Gewicht);;;
sfogarsi su qn./qc.;abreagieren an …/austoben;;;
spuntarsi / è spuntato;abstumpfen (Messer oä);;;
pesare;abwägen / wiegen;;;
stringersi nelle spalle;die Achseln zucken;;rede;
aquila;Adler;;;
somiglianza;Ähnlichkeit;;;
un incubo;Albtraum;;;
Ogni tre settimane;alle drei Wochen;;;
tutta la gente;alle Leute, alle Menschen (Gesamtheit);;;
Tutti i miei sensi sono tesi;alle meine Sinne sind angespannt;;rede;
ogni persona;alle Personen (einzeln in einer Gruppe);tutte quelle persone;;
mettercela tutta per ... fare qc;alles dransetzen um zu ...;ce la metterò tutta per superare questo periodo!;ci;
tutto considerato;alles recht bedacht;;rede;
farsi in quattro per qc/qu;alles tun was möglich ist für / sich ins Zeug legen für;;rede;
man mano;allmählich, nach und nach;;zeit;
più di tanto;allzu viel / allzu lange;Non so aspettarti più di tanto/non chiedo più di tanto;;
incubo;Alptraum;;;
dovuto a qc.;als Folge von;;;
quindi è deciso;also abgemacht!;;rede;
quindi sei tu la colpevole!;also bist du die Schuldige!;;rede;
allora dagli tempo;also gib ihm Zeit;;rede;
a fine mese;am Monatsende;;;
semaforo;Ampel;;;
all‘angolo;an der Ecke;;;
fermare qc/qn;an-/auf-/halten, stoppen, befestigen etc;;;
consegna;An-/Aus-/Lieferung;;;
d'altronde;andererseits;;;
diverso;anders;;;
essere predisposto a qc.;anfällig/prädisponiert für etw sein;;;
predisposizione;Anfälligkeit;;;
Presumibilmente era un maestro;Angeblich war er ein Meister;;rede;
presunto (von presumere);angeblich, vermutlich;presumo - presumevo - presumerò - ho presunto;;
affare;Angelegenheit, Geschäft(nicht negozio), Fall;;;
piacevole;angenehm;;;
teso;angespannt, gespannt, straff, stramm;;;
assalire qn./qc.;angreifen, über-/befallen (Eifersucht, Krankheit);assalggo, assali, ho assalito, assalirò;;
impianto (elettrico, fotovoltaico, freni…);Anlage, Installation;;;
chiamata;Anruf;;;
pretesa;Anspruch, Forderung;;;
impegnativo;anspruchsvoll;;;
piuttosto che + Conj / + Adv // piuttoso + Verb;anstatt dass / lieber als das / eher, lieber;Piuttosto mi invento una scusa;;
spunto;Anstoss, Stichwort, Anlass (occasione);;;
brindare;anstossen;;;
motivazione interiore, stimolo, incentivo;Antrieb (innerlich) - 3;;;
propulsione;Antrieb (physikalisch), Schubkraft;;;
risposta;Antwort;;;
caparra;Anzahlung, Kaution, Pfand;;;
attirare;anziehen, anlocken;;;
questo mi infastidisce /mi da fastidio;das ärgert mich! (2);;rede;
ragionamento;Argumentation;;;
Luft;aria;;;
il braccio / le braccia;der Arm sing/pl;;;
coglione;Arsch, Trottel;;;
modo;Art, Weise, Gelegenheit;;;
respiro;Atem;;;
attraente;attraktiv;;;
anch‘io ne soffro;auch ich leide darunter;;rede;
nemmeno più;auch nicht mehr / nicht mal mehr;;;
neanche, nemmeno;auch nicht, nicht mal (2);;;
Tenere aggiornato;auf dem laufenden halten;;rede;
a prima vista;auf den ersten Blick;;;
Da un lato, dall'altro;auf der einen Seite ... auf der anderen;;rede;
in cerca di guai;auf der Suche nach Ärger;;rede;
fare a meno di qn./qc.;auf e/j verzichten, ohne etw auskommen;"Non posso fare a meno del caffè al mattino
...die Fähigkeit ohne etwas auszukommen i.Ggs.z. Rinunciare (aktiv)";;
di propria iniziativa;auf eigene Faust;;rede;
cedere a un ricatto;auf eine Erpressung eingehen;;rede;
tutto d'un colpo;auf einen Schlag;;;
insistere su qc / per fare qc;auf etw bestehen / etw zu tun;;;
sperare in qc.;auf etw hoffen;;;
rinunciare a qc.;auf etw. verzichten, etw. aufgeben (Anspruch);(aktive Entscheidung zum Verzicht) - i.Ggs.z. fare a meno di...;;
stare sui carboni ardenti;auf glühenden Kohlen sitzen;;rede;
fare conto su qn./qc.;auf jdn./etw. bauen;;;
in ogni caso;auf jeden Fall;;rede;
badare a qn./qc.;auf jem/etw achtgeben;;;
dare retta a qn./qc.(retta);auf jem/etw hören, Gehör schenken;;;
fottersi di qn./qc.;auf jem/etw scheissen, einen Dreck scheren;;;
su di me;auf mir;;;
partire per;aufbrechen zu / nach Ziel/Zweck;;;
vistoso;auffällig, beträchtlich;;;
rinfrescare qc.;auffrischen;;;
compito;die Aufgabe (etw zu tun);;;
mandare all'aria;aufgeben, etw. über den Haufen werfen;;;
eccitato - eccitante;aufgeregt - aufregend;;;
smettere;aufhören;;;
smettere di fare qc. / ho smesso / smetterò;aufhören, etw. zu tun;;;
scovare qu/qc;aufstöbern etw/jmd;;;
sopracciglia f/pl;Augenbrauen;;;
palpebra;Augenlid;;;
su due piedi;aus dem Stehgreif, sofort ohne Vorbereitung o Vetzögerung, all'imp;;rede;
Lontano dagli occhi, lontano dal cuore.;Aus den Augen, aus dem Sinn.;;rede;
mangiare dalla mano;aus der Hand fressen;;rede;
per rispetto di ..;aus Respekt vor …;;rede;
scoppiare;ausbrechen, explodieren, platzen;;;
gita;Ausflug;;;
affamato;ausgehungert;;;
riposato;ausgeruht;;;
eccezione;Ausnahme;;;
pretesto // pretesa;Ausrede, Vorwand / und: Forderung;;;
oltre a;ausser etw/jem;oltre a Mario, nessuno è venuto;;
essere fuori mano;außer Reichweite sein;;rede;
tranne + te / subst etc;ausser, abgesehen von, exklusive von;;;
inoltre;ausserdem;;;
scendere / sceso;aussteigen / herunterkommen / Verghtsform;;;
emanare qc.;ausstrahlen (Wärme, Licht);;;
fascino;Ausstrahlung, Charme;;;
accappatoio;Bademantel;;;
fra poco, presto;bald (2);;zeit;
a piedi nudi;barfuss;;;
pancia;Bauch;;;
albero;Baum;;;
rimpianto;Bedauern;;;
coprire qn./qc.;bedecken jm/etw;;;
sentire bisogno di qc;das Bedürfnis nach etw spüren;;;
sbrigati!;beeile dich!;;rede;
impressionante;beeindruckend;;;
impressionato, colpito;beeindruckt (2);;;
influenzato;beeinflusst;;;
finire di fare qc;beenden etw zu tun, etw fertigstellen;;;
terminare qc, ohne Verb;beenden, enden (Vertrag, Arbeit, Aufführung...);Il contratto termina a dicembre;;
appagante, soddisfacente;befriedigend (2);;;
soddisfatto;befriedigt;;;
appagamento, soddisfazione;Befriedigung;;;
timore, ansia, paura;Befürchtung, Angst (3);;;
iniziare / cominciare a fare qc;beginnen (2 Begriffe);;;
tieni in mente qc;behalte im Kopf (etw);;rede;
entrambi;beide;;;
combattere;bekämpfen;;;
carico;Belastung iSv Bürde;;;
prendersela;beleidigt sein (nicht off/ins);Non so perché si prenda la, era solo uno scherzo.;;
ricompensa;Belohnung;;;
comportamento;Benehmen, Verhalten;;;
intontito;benommen, betäubt;;;
osservare;beobachten;;;
osservatore;Beobachter;;;
l'osservazione (f);Beobachtung;;;
calcolo;Berechnung;;;
rendere più ricco (il nostro viaggio su questa terra);bereichern (unsere Reise auf dieser Erde);;rede;
monte/monti (m);Berg/Berge;;;
calmare qu;beruhigen;;;
impegnato;beschäftigt;;;
descrizione;Beschreibung;;;
brillo;beschwipst;;;
occupare;besetzen, räuml i Anspr nehmen;;;
sconfitto;besiegt (hart/militärisch);;;
condividere momenti speciali;besondere Momente teilen;;rede;
meglio di;besser als;;;
saputello;Besserwisser;;;
ordinare;bestellen;;;
stabilire qc.;bestimmen, etw festlegen (renne);;;
riguardante;betreffend…;;;
truffa;Betrug (eher kriminell);;;
inganno;Betrug, Täuschung (Irreführung nicht direkt kriminell);;;
prima che | avanti che + conj;bevor (etw. passiert) (2);;zeit;
cosciente | consapevole;bewusst iSv mentales Wachsein | bewusst iSv Handlung;;;
finché non + Ind;bis (zeitl);Aspetterò finché non torni;;
finora;bis jetzt;;zeit;
fino a poco fa;bis vor kurzem;;rede;zeit
fino al un punto in cui;bis zu einem Zeitpunkt an dem …;;rede;zeit
fino a;bis zu(m);;;
acido;bissig, sauer;;;
soffiare / qc a qu;blasen, wehen … inkl Redew ausplau/wegschna;;;
cistite;Blasenentzündung;;;
pallido;blass;;;
foglia (albero), foglio (carta);Blatt (2);;;
rimanere rimango/rimani/rimasto/rimarro;bleiben;;;
sguardo;Blick;;;
cieco;blind;;;
fulmine, lampo;Blitz (2 Begriffe);;;
fondo;Boden, (Boden/Strassen)Belag, Grundstück, Hintergrund, Geldmittel;;;
avercela con qn.;böse auf jem sein (nicht inc./arr.) / mit jem reden;Ce l'hai con me?;ci;
essere arrabbiato con qn.;böse auf jem. sein;;;
bruciare;brennen, verbrennen (auch Emotio);b. di desiderio/la legna b nel camino;;
Mi fa spezzare il cuore / mi spezza il cuore;das bricht mir das Herz (2 Versionen);;rede;
occhiali;Brille;;;
petto;Brust;;;
pettorali;Brustmuskel;;;
letteralmente;buchstäblich;;;
seno / tetta;Busen / Titte;;;
belin;cazzo / Genova;;;
minchia;cazzo / Sizilia;;;
fumetto;Comic;;;
lavori / iamo / iate / ino;congiuntivo pres v Verben auf -are;;cong;
vada / andiamo / andiate / vadano;congiuntivo pres von andare;;cong;
dica / diciamo / diciate / dicano;congiuntivo pres von dire/dico;;cong;
dia / diamo / diate / diano;congiuntivo pres von do/dare;;cong;
debba / dobbiamo / dobiate / debbano;congiuntivo pres von dovere;;cong;
faccia / facciamo / facciate / facciano;congiuntivo pres von fare;;cong;
abbia - abbiamo - abbiate - abbiano;congiuntivo pres von ho;;cong;
possa / possiamo / possiate / possano;congiuntivo pres von potere;;cong;
sappia / sappiamo / sappiate / sappiano;congiuntivo pres von so/sapere;;cong;
sia - siamo - siate - siano;congiuntivo pres von sono;;cong;
stia / stiamo / stiate / stiano;congiuntivo pres von sto;;cong;
venga / vengiamo / vengiate / vengano;congiuntivo pres von venire/vengo;;cong;
voglia / vogliamo / vogliate / vogliano;congiuntivo pres von voglio/volere;;cong;
visto che;da …;;;
ne puoi essere sicuro al 100%;da kannst du 100% sicher sein;;rede;
tetto;Dach;;;
non c‘è rimedio;dafür gibt es keine lösung;;rede;
quella volta;damals;;;
affinché + conjuntivo;damit;;;
affinché - perciò - purchè;damit - deshalb/daher - vorausgesetzt, dass;Affinché: conj, sonst indikativ;;
scaricare la tensione;Dampf ablassen, Spannung abbauen (nicht sfo..);;rede;
mutuo;Darlehen, Kredit;;;
È di questo che voglio parlarti quando …;Darüber will ich mit dir sprechen wenn …;;rede;
Ciò non cambia nulla.;Das ändert nichts.;;rede;
Non te lo saresti scelto da solo / non l'avresti scelto da solo;Das hättest du dir nicht selbst ausgesucht (2);;rede;
mi serve proprio!;Das kann ich gut brauchen!;;rede;
durata;Dauer;;;
il pollice;Daumen;;;
A parte questo / a parte qc;Davon abgesehen / abgesehen von;;rede;
farne meno;davon weniger zu machen;;rede;
Ci vorebbe un miracolo;dazu wäre ein Wunder nötig! (Redew.);;rede;
deficitario;defizitär, Verlust bringend;;;
Il modo in cui ti muovi;Deine Art dich zu bewegen;;;
avere un sesto senso;den 6. Sinn haben;;rede;
fiutare l'inganno;den Betrug wittern;;rede;
beccare il momento in quale…;den Moment erwischen in dem …;;rede;
toccare il fondo;den Tiefpunkt erreichen;;rede;
spunto di riflessione;Denkanstoss;;;
ciò nonostante;dennoch, nichtsdestotrotz;;;
perciò + Indikativ;deshalb;Percio posso rilassarmi!;;
la fitta nebbia;der dichte Nebel;;;
ciccione;Dickwanst;;;
ladro;diebisch, scheusslich (zb Wetter), Dieb;;;
furto;Diebstahl;;;
questa roba di …;diese Sache von …;;rede;
questa torta è buona quanto / come quella della nonna;diese Torte ist so gut wie die der Oma;;rede;
Mi è sfuggito quel detaglio;Dieses Detail ist mir entgangen;;rede;
non ... mica;doch nicht, gar nicht;;;
tuono;Donner;;;
morale a doppio fondo, bigotteria;Doppelmoral (2);;;
spina;Dorn, Stachel, Stecker (elektr), Gräte;;;
lassù;dort drüben, dort oben;;;
… in scatola (tonno);Dosen… (thunfisch etc);;;
girare;drehen, wenden;;;
Minaccioso;drohend;;;
stringere qu/qc // a qc;drücken jem/etw // um etw schlingen;;;
spingere (qn a fare qc);drücken, schieben, jem zu etw treiben;;;
mi conservi dentro ai tuoi ricordi;du behältst mich immer in deinen Erinnerungen;;rede;
mi fai sorridere;du bringst mich zum Lächeln;;rede;
stai raccontando un sacco di balle;du erzählst viel Mist;;rede;
avresti dovuto dirmi che ... + Ind.;du hättest mir sagen müssen;;;
potresti;du könntest;;;
devi smettere di parlarne!;Du musst aufhören davon zu sprechen!;;rede;
lo sai com’è lei;du weisst wie sie ist;;rede;
vuoi renderlo piu difficile;du willst es schwieriger machen;;rede;
sarai;du wirst sein;;;
saresti;du würdest (sein);;;
vedresti;du würdest sehen;;;
scemo;dumm, Dummkopf;;;
buio, scuro, tenebroso;dunkel (3);;;
abbuiarsi;dunkel werden;;;
attraverso di qc/qu;durch etw/jem iSv mittels etw oder hindurch etw.;;;
altrettanto;ebenfalls, ebenso;;;
altrettanto - altrimenti - d'altronde;ebenfalls, ebenso - sonst - andererseits;;;
l’uovo (m) / le uova (f);Ei / Eier;;;
superare i propri limiti;die eigenen Grenzen überschreiten/überwinden;;rede;
di corsa;eilig, eilends, rasch;;;
fare il cazzettone;ein (arroganter) Arsch sein;;rede;
dipingere un quadro;ein Bild malen;;;
Un po' datata;Ein bisschen veraltet;;;
un po' di tutto;ein bisschen von allem;;;
un po' da mignotta;ein bissl nuttig;;;
fare quattro chiacchiere;ein bissl ratschen oä;;rede;
fiutare un buon affare;ein gutes Geschäft wittern;;rede;
un pochino;ein klein wenig;;;
non tollerare un medicinale;ein Medikament nicht vertragen;;rede;
Un po’ come un’altalena;ein wenig wie eine Schaukel;;rede;
assumere;ein-/übernehmen, einstellen, auch : Verantw.;;;
scasso;Einbruch (das Verbrechen);;;
penetrare;eindringen;;;
sbrigare un affare;eine Angelegenheit erledigen;;;
un ragionamento che non sta in piedi;eine Argumentation, die nicht stichhaltig ist;;rede;
prendere una decisione;eine Entscheidung treffen;;;
rispettare una scadenza;eine Frist einhalten;;rede;
fissare una scadenza;eine Frist setzen;;rede;
colmare un gap;eine Lücke schliessen;;rede;
assumere un impegno;eine Verpflichtung eingehen;;;
dare un'occhiata;einen Blick werfen;;rede;
uno dopo l'altro;einen nach dem anderen;;rede;
superare uno svantaggio;einen Rückstand/Nachteil aufholen;;rede;
avere un palo / manico di scopa in culo;einen Stock im Arsch haben, verklemmt sein (2);;rede;
cedere/resistere a una tentazione;einer Versuchung nachgeben/widerstehen;;;
trarre reddito da qc.;Einkünfte aus etw. beziehen;Ho tratto / traggo / trai / trae / traiamo / traete / traggono;;
accendere qc. / ho acceso;einschalten, anzünden etw.;la candela / la luce;;
unilaterale / unilateralmente;einseitig;;;
impostazione;Einstellung (auch für Systeme), feste Haltung;Impostazione tedesca di non essere in ritardo;;
starci ... (si, ci sta);einverstanden, dabei sein, mitmachen;Quello ristorante ci sta un sacco/ci stai? (Bist du dabei?)/ci sto! (Bin einverstanden)...;ci;
intesa, accordo;Einverständnis, Vereinbarung, Verständnis (2);;;
versamento;Einzahlung;;;
l'unica spiegazione;die einzige Erklärung;;;
Il ghiaccio si scioglie;das Eis schmilzt;;;
schifo, mi fa schifo;eklig, es ekelt mich;;;
gomito;Ellbogen;;;
suscettibile;empfindlich;;;
fitto;eng, gedrängt, dicht;;;
una stretta amicizia;enge Freundschaft;;;
scoprire;entdecken;scopro - scoprii (imperf) - ho scoperto - scoprirò;;
svelare qc.;enthüllen (Geheimnis, Gedanken);;;
scaricare;entladen (Ladung, Akku), downloaden;;;
attingere da qc. / ho attinto;entnehmen, schöpfen aus (Ressourcen, Info, Inspiration);Ho attinto informazioni da un libro;;
scusante;Entschuldigung (als Rechtfertigung);;;
rilassato - riposato - allegerito;entspannt - ausgeruht - erleichtert;;;
deluso;enttäuscht;;;
delusione;Enttäuschung;;;
sfuggire, scappare;entweichen, flüchten;;;
sviluppo;Entwicklung;;;
si aspetta di te;er erwartet von dir;;;
ti prende in giro;er macht sich über dich lustig;;rede;
deve costringersi a farlo;er muss sich zwingen es zu machen;;rede;
è capace di tutto;er/sie ist zu allem fähig;;rede;
se ne fotte di me;er/sie kümmert sich einen Dreck um mich;;rede;
avrebbe bisogno;er/sie/es würde brauchen;;;
aumentare;erhöhen, steigen (Preise), anwachsen;;;
lo riconosci?;erkennst du es?;;;
spiegare;erklären;;;
spiegazione, esplicazione;Erklärung (2);;;
accomodare;erledigen, unterbringen, entgegen nehmen;;;
serio, seriamente;ernsthaft, ernst, seriös;;;
ricatto;Erpressung;;;
arrossire;erröten;;;
comparire;erscheinen, auftreten (gibt‘s im Ggt mit „s“);;;
esausto, sfinito, stremato, essere a pezzi;erschöpft (4 Alternativen);;;
sfinimento;Erschöpfung;;;
spaventare qn.;erschrecken;;;
solo quando;erst als;;zeit;
Bisogna ragionare, prima di parlare.;Erst denken, dann sprechen!;;rede;
Prima il dovere, dopo il piacere!;Erst die Arbeit, dann das Vergnügen.;;rede;
solo ora;erst jetzt;;;
tanto meno;erst recht nicht;Non mangio pesce, tanto meno cozze;;
non prima (della settimana prossima, di domani...);erst/ nicht vor morgen oä;;zeit;
per prima cosa;erstens;;;
attendere / ho atteso;erwarten / warten (nicht aspettare) mit pp;;;
beccato!;erwischt!;;;
resta fermo quanto stabilito;Es bleibt bei dem, was vereinbart wurde.;;rede;
ci vuole;es braucht;;;
È il solito tran tran.;Es geht alles im alten Trott.;;rede;
gira voce che…;es geht das Gerücht um dass….;;rede;
tu a malapena riesci a …;es gelingt dir kaum zu..;;rede;
ci dà un senso di …;es gibt uns ein Gefühl/Sinn von …;;rede;
ci possono essere (qualche cose);es kann geben (einige Sachen);;;
potrebbe;es könnte;;;
farcela;es schaffen, auf die Reihe bringen;Vuoi una mano a portare questo pacco o ce la fai da sola? Immer: fattA!! Ce l'ho fatta!;ci;
a meno che ..+ cong;es sei denn …, ausser wenn…;;;
mettersi a proprio agio;es sich gemütlich machen;;;
ci vorrà un po;es wird etwas dauern;;rede;
diventa un'abitudine;es wird zur Gewohnheit;;rede;
mi farebbe felice;es würde mich glücklich machen;;rede;
cibo;Essen, Nahrung;;;
la vita di per se;etw an und für sich (zb das Leben);;;
portare qc alla luce;etw ans Licht bringen;;rede;
ricevere qc.;etw bekommen;;;
spezzare qc.;etw brechen, zerbrechen;;;
svolgere qc.;etw durchführen, etw machen (Arbeit, etc);;;
beccare qc./qn.;etw erhalten/jmd-etw erwischen;;;
dare per scontato qc.;etw f. selbstverständlich halten;;rede;
alzare qc;etw heben, höher stellen, errichten, hissen;Lautstärke, Niveau, Preis, aufstehen, Stimmung;;
incasinare qc.;etw in Unordnung bringen;;;
essere da quattro soldi;etw ist billig gemacht, schlechte Qualität;;rede;
qc. è difficile da svolgere;etw ist schwierig durchzuführen;;rede;
chiarificare qc.;etw klären, klarstellen;;;
fraintendere qn./qc. / equivocare qc.;etw missverstehen, falsch verstehen (2 Begr);;;
non giudicare sulla base del fatto che + Ind;etw nicht auf der Basis beurteilen, dass …;;rede;
provare qc;etw probieren, aber auch: etw empfinden;Non provo attrazione per nessun’altra;;
spostare qc.;etw verschieben;;;
spazzare via qc.;etw wegfegen (auch figural);;;
fiutare qc;etw wittern, etw. beschnuppern;;;
amettere;etw zugeben, zulassen, aufnehmen (Schule, Club);;;
mettere a riposo;etw zur Ruhe bringen, in Ruhestand versetzen;;rede;
deporre/depongo/deponi/deposto/deponerò;etw. ablegen, deponieren inkl Formen;;;
incendiare qc.;etw. anzünden;;;
prendere qc. sottogamba;etw. auf die leichte Schulter nehmen;;;
sfuggire a qn./qc./sfuggito;etw. ausweichen, entkommen (auch fig. );Mi è sfuggito quel detaglio;;
togliersi qc. / mi sono tolto / mi tolgo / ti togli la giacca;etw. ausziehen (Schuhe oä);;;
osservare qc.;etw. beachten / befolgen;;;
mettere da parte qc.;etw. beiseite legen (Unterschiede, Streit, Ding);;rede;
fare caso a qc => ci;etw. bemerken (fare);No, non ci ho fatto caso;;
pentirsi di qc. / mi sono pentito;etw. bereuen;Mi pento di aver detto quelle parole;;
tenere conto di qc./prendere qc. in considerazione/considerare;etw. berücksichtigen (3!);;;
richiedere qc.;etw. erfordern, verlangen, fordern, beantragen;;;
generare / creare qc.;etw. erzeugen/erschaffen, auch: anlegen (2);;;
promuovere qn./qc.(ho promosso);etw. fördern, befördern, nach vorne bringen;;;
partorire qc.;etw. gebären, schaffen, hervorbringen;;;
qc. è considerato + Adj zb;etw. gilt als;;;
venire a capo di qc.;etw. herausbekommen iSv trovare una soluzione/risolvere un problema;;rede;
lasciare alle spalle;etw. hinter sich lassen (fig., schlechte Zeit üä);;rede;
chiarire qc.;etw. klären;;;
lasciare asciugare qc.;etw. trocknen lassen;;;
mettersi qc adosso;etw. überwerfen (Kleidung);;;
fare qc a vuoto;etw. vergeblich machen;;;
inquinare qc.;etw. verschmutzen, verunreinigen (formal);;;
approfondire qc.;etw. vertiefen (Thema);approfondisco - approfondivo - approfondirò - approfondito;;
percepire qc. (percepisco/percepito/perciperò);etw. wahrnehmen(!), spüren, merken;;;
ricominciare qc;etw. wieder anfangen;;;
stimare qn./qc.;etw/jem (ab/ein)schätzen;;;
riempire qc. di qc./qn;etw/jem mit etw auf-/erfüllen, nicht c…;Riempio / ho riempito/riempirò;;
dividere;etw/jem teilen (buchstäblich);;;
metter(si/qc) su una base sana;etw/sich auf eine gesunde Basis stellen;;rede;
buttare qc;etwas (weg)werfen;;;
rimpiangere qc.;etwas bedauern (nicht bereuen);Rimpiango i vecchi tempi;;
lamentare qc;etwas beklagen;;;
qc non piove/piovono dal cielo;etwas fällt nicht vom Himmel (nicht cad..);;rede;
tenerci a ...;etwas ist sehr wichtig (ci);Ci tengo molto alla mia famiglia;ci;
risolvere qc.;etwas lösen;;;
avere a che fare con qc/qu;etwas mit ... zu tun haben;;ci;rede
scaldare qc;etwas wärmen, aufheizen;;;
casomai;eventuell;;;
sconvolgere (sconvolto) l'esistenza;die Existenz erschüttern;;rede;
esistere / è esistito;existieren (inkl PP);;;
insipido;fad, öd, schal, geschmacklos(Essen);;;
essere capace di fare qc.;fähig sein etwas zu tun;;;
abilità, capacità;Fähigkeit (2);;;
biglietto;Fahrkarte, Ticket;;;
colposo;fahrlässig;;;
negligenza;Fahrlässigkeit;;;
ruga / rughe;Falte / Falten;;;
il colore;Farbe (m/w?);;;
colorato;farbig;;;
perlupiu, per la maggior parte del (tempo/delle volte);fast immer, meistens (2);;zeit;
affascinare;faszinieren, begeistern, auch: verführen;;;
affascinante;faszinierend;;;
pigrizia;Faul-/Trägheit;;;
fannullone;Faulpelz;;;
mancanza di;Fehlen von;;;
nemico | avversario;Feind | Gegner im Wettbewerb o Geschäft etc;;;
roccia;Fels;;;
finocchio;Fenchel;;;
essere in una botte di ferro;fest im Sattel sitzen;;rede;
constatazione;Feststellung;;;
zona umida;Feuchtgebiet;;;
la febbre;das Fieber;;;
il dito / le dita;Finger sing/plur;;;
ditta;Firma;;;
bestemmiare;fluchen;;;
focalizzare qc.;fokussieren;;;
seguente, successivo;folgend (2);;;
continuare a fare qc.;fortführen etw zu tun;;;
chiedere, ho chiesto;fragen, ich habe gefragt;;;
discutibile;fragwürdig;;;
spinto;freizügig;;;
scadenza;Frist, Fälligkeit, Verfalldatum;;;
presto la mattina;früh am Morgen/frühmorgens;;zeit;
mattiniero;Frühaufsteher;;;
prima o poi;früher oder später;;;
al più presto domani!;frühestens morgen!;;zeit;
gestire;führen, leiten;;;
prendere cura di qc/qu;für jemanden/etwas sorgen;;;
Chi ti credi di essere?;für wen hältst du dich?;;rede;
spaventoso;furchteinflössend, schrecklich;;;
premuroso;fürsorglich;;;
il piede / i piedi;Fuss sing/pl;;;
pavimento;Fussboden;;;
la montagna;Gebirge;;;
nascere/nasco/sono nato;geboren;;;
pericolo;Gefahr;;;
fiutare il pericolo;die Gefahr wittern;;rede;
galera;Gefängnis, Knast;;;
l'un l'altro, reciproco, mutuo;gegenseitig (3 Begriffe!);;;
presente, attuale;gegenwärtig, aktuell (2);;;
controvalore;Gegenwert;;;
stipendio/stipendi;Gehalt/Gehälter;;;
pagamento dello stipendio;Gehaltszahlung;;;
al museo/parco/ristorante/bar/alla posta;gehen + a;;;
in farmacia/pizzeria/hotel/ufficio/cima/biblioteca;gehen + in;;;
ubbidiente;gehorsam;;;
arrappato;geil, horny, erregt;;;
scarabocchio;Gekritzel;;;
annoiato;gelangweilt;;;
riuscire a fare qc./ sono riuscito;gelingen, glücken;;;
valere;gelten, taugen, wert sein;;;
secondo qc.;gemäss etw;;;
stufo (essere .. di qc);genervt, überdrüssig;;;
godere;geniessen;;;
bastare;genügen, reichen, ausreichen;;;
appena;gerade (zeitl), kaum (zb angekommen);;zeit;
proprio adesso;gerade eben;;zeit;
Proprio quando le cose si fanno difficili;gerade wenn die Dinge schwierig sind..;;rede;
appunto;gerade, genau, Vorwurf, auch: Notiz!;;;
retta;Gerade, Grundlinie, auch: Pensionsbezüge;;;
dritto, sempre dritto;geradeaus, immer geradeaus;;;
andare dritto allo scopo;geradewegs auf das Ziel losgehen;;rede;
ampio;geräumig, weit, ausführlich;;;
commosso;gerührt, ergriffen, berührt, bewegt;;;
complessivo;gesamt, ganzheitlich;;;
affitto complessivo;Gesamtmiete;;;
accadere - accedere - accendere;geschehen - zugreifen/beitreten - einschalten;È accaduto - ha acceso - ha acceso;;
accadere (accaduto) - succedere (successo) - capitare (capitato);geschehen, passieren, sich ereignen (3);;;
indebolito;geschwächt;;;
gonfio/gonfiato;geschwollen;;;
volto;Gesicht, Antlitz;;;
spettrale;gespenstisch;;;
vivo e vegeto;gesund und munter;;rede;
peso;Gewicht, Last;;;
il temporale;Gewitter;;;
solito;gewöhnlich gewohnt üblich;;;
vinto;gewonnen;;;
condimento (Würzmittel, Dressing), spezia (Gewürz), aroma (Geruch/Geschmack);Gewürz (3);;;
per forza;gezwungenermassen;;;
dammi il tuo giudizio su qc;gib mir dein Urteil über etw;;rede;
dammela;gib sie mlr;;;
sputare veleno;Gift und Galle spucken;;rede;
velenoso;giftig;;;
vetta, cima;Gipfel (2 Begriffe);;;
croce di vetta;Gipfelkreuz;;;
non ci credo;das glaub ich nicht;;rede;
proprio adesso;gleich jetzt;;zeit;
allo stesso tempo;gleichzeitig, zur selben Zeit;;;
fortunatamente;glücklicherweise;;;
spietato;gnadenlos, herzlos, mitleidlos;;;
asino d’oro;Goldesel;;;
grammo / grammi;Gramm (Gewicht);;;
provare rancore per qc / per essere ... con qu;Groll (nicht Wut) empfinden wegen etw mit jem;;rede;
a fondo;gründlich;;;
vantaggioso;günstig, vorteilhaft;;;
bella mossa;guter Schachzug;;rede;
gola, collo;Hals, Kehle;;;
spericolato;halsbrecherisch;;;
la mano / le mani;Hand / Hände;;;
asciugamano;Handtuch;;;
accanito;hartnäckig, verbissen (Arbeit, Aufgabe);;;
odiare, detestare;hassen (2);;;
ci hai pensato?;hast du daran gedacht?;;;
per caso c’entra qualcosa + Substantiv;hat es zufällig mit … zu tun?;;rede;
Non c‘entra nulla con qc (la Mancanza di fiducia);das hat nichts mit .. zu tun;;rede;
questo non ha niente a che fare con quello;das hat nichts mit dem zu tun;;rede;
frequenza;Häufigkeit;;;
perlopiu;hauptsächlich, meistens;;;
eritema (solare);Hautausschlag (Sonnenbrand);;;
manico (della padella, dell'ombrella...);Heft, Griff, Henkel;;;
cioè;das heißt <d. h.>, genauer gesagt;;;
riscaldamento;Heizung;;;
sfida;Herausforderung;;;
cavare qc.;herausholen, -ziehen, auch „me la …“;cavare fuori qc. / cavare un dente;;
sera d'autunno;Herbstabend;;;
limonare;herumknutschen;Avete limonato sotto casa, giusto?;;
abbassare;herunterlassen, verringern, senken;Preis, Lautstärke, Niveau, Temperatur;;
qui c'è gente che ...;hier gibt es Leute, die...;;rede;
quaggiú;hier unten;;;
impotenza;Hilf-/ Machtlosigkeit;;;
indifeso;hilflos;;;
utile;hilfreich, nützlich;;;
ogni tanto;hin und wieder;;;
ogni tanto / prima o poi;hin und wieder / früher oder später;;;
salire / salgo / sali / sono salito;hinaufgehen;;;
dietro;hinter;;;
avviso;Hinweis, Meldung, Warnung;;;
aggiungere qc.;hinzufügen, beimengen, anbauen;;;
quota;Höhe üN, Flugh., Anteil, Beitrag;quota sociale - Gesellsch.anteil;;
la botte di legno / di vini / di birra / le botti piccole;Holz-/etc Fass, kleine Fässer;;;
legna la;Holz, Brennholz;;;
ascoltare;hören;;;
centinaia;hunderte;;;
la tosse;der Husten;;;
tossire;husten;;;
iperattivo;hyperaktiv;;;
nemmeno io;ich auch nicht;;;
non mi basta mai di …;ich bekomme nie genug von / zu machen;;rede;
ringrazio per ..;ich bin dankbar für…;;;
sono tutto orecchie;ich bin ganz Ohr;;rede;
Sono cosi alleggerito;ich bin so erleichtert;;;
Veramente non ho parole.;ich bin wirklich sprachlos!;;rede;
Ho tutto quello che mi serve!;Ich bin wunschlos glücklich!;;rede;
potro potrai potra potremo;ich du etc werde können;;;
mi sento rinvigorito;ich fühle mich belebt, erfrischt;rinvigorire / rinvigorisco;;
Mi sento come un neonato;ich fühle mich wie neugeboren;;rede;
ho capito un sacco di balle;ich hab gar nix verstanden;Stai racontando un….;rede;
te l'ho promesso;ich habe es dir versprochen;;;
Io me la sono presa;Ich habe es mir zu Herzen genommen, es hat mich geärget;Prendersela;;
non ci ho fatto caso;ich habe es nicht gesehen/bemerkt;;rede;
non mi va … mi va;ich habe keine Lust / ich habe Lust;;;
ho lasciato il segno;ich habe meine Spuren hinterlassen;;rede;
non ho nulla a che fare con questo;ich habe nichts damit zu tun;;;
Ho le lacrime agli occhi;ich habe Tränen in den Augen;;rede;
Ho reagito in modo esagerato;ich habe übertrieben reagiert;;rede;
mi sono dimenticato di ..;ich habe vergessen zu … (verb);;;
ho capito che si tratta solo di qc ...;ich habe verstanden, dass es nur (etw) ist/sich nur handelt;;rede;
tengo le dita incrociate;ich halte die Finger gekreuzt / drücke die Daumen;;rede;
l’avrei potuto … scrivere, fare, …;ich hätte es … machen etc können;;;
ho faticato a …;ich kämpfte um …;;;
Non ne posso fare a meno!;Ich kann nicht darauf verzichten!;;rede;
non vedo l‘ora di (che + conj);ich kann nicht erwarten;non vedo l‘ora che AI ci apra il futuro (conj!);;
capito in visito a Milano;ich komme zu Besuch nach Mailand (nicht venire);;rede;
potrei - potresti;ich könnte - du k…;potrebbe-potremmo-potreste-potrebbero;;
io non nego;ich leugne nicht;;;
Sono sdraiato sul divano;ich liege auf dem Sofa;;rede;
Mica lo faccio apposta;ich mache es nicht absichtlich;;rede;
Mi offro volontario;ich melde mich freiwillig;;;
Me ne accorgo fortemente;ich merke das sehr stark;;rede;
devo avissarti;ich muss dich warnen;;;
devo mettere ordine nella mia vita;ich muss Ordnung in mein Leben bringen;;rede;
Lo prendo sul serio;ich nehme es ernst;;;
dicevo cosi, in generale;ich sagte es einfach so, im allgemeinen;;rede;
non ce la faccio a fare (la colazione);ich schaffe es nicht zu machen / nicht zum Frühstück da;;rede;
Barcollo ma non mollo;Ich taumele aber ich gebe nicht auf;;rede;
io mi faccio da parte;ich trete zur Seite;;rede;
me lo merito;ich verdiene es mir;;;
cerco di fare del mio meglio;ich versuche mein bestes;;rede;
mi fido di te;ich vertraue dir;;rede;
sarei;ich wäre;;;
non so se abbia ancora alcun senso però …;ich weiss nicht ob es noch irgend einen Sinn hat, aber …;;rede;
sarò (stato);ich werde (sein);;;
ti darò;ich werde dir geben;;;
verrò;ich werde kommen;;;
me la cavo;ich werde mit der Situation fertig;;rede;
dovrò;ich werde müssen;dovrai - dovrà - dovremo - dovrete - dovranno;;
sarò;ich werde sein;;;
farò;ich werde tun;;;
Non voglio avere niente a che fare con questo;Ich will nichts damit zu tun haben;;rede;
volevo;ich wollte;;;
Mi meraviglio a volte della mia ingenuità;ich wundere mich manchmal über meine Naivität;;rede;
sarei;ich würde (sein);;;
sapevo;ich wusste;;;
non saprei;ich wüsste nicht;;;
non sapevo che fosse tu;ich wusste nicht dass du es bist/wärst;;rede;
una illusione;Illusion;;;
all'eta di (numero) anni;im Alter von (Zahl) (Jahren);;zeit;
in seguito a qc.;im Anschluss an etw.;;rede;
in senso stretto;im engeren Sinne;;;
sul serio;im Ernst!;;;
in fondo;im Grunde genommen;;;
In penombra;im Halbschatten;;;
in quattro e quattr'otto;im Handdumdrehen, im Nu, ruckzuck;;rede;
nel qui e ora;im Hier und Jetzt;;;
guadagnare nel sonno;im Schlaf Geld verdienen;;rede;
rispetto a prima;im Vergleich zu früher;;rede;zeit
in senso più ampio;im weiteren Sinne;;;
sempre in giro;immer auf Achse, immer unterwegs (nicht di corsa);;rede;
Su e giù per il mondo;immer unterwegs (Redewendung);;rede;
essere in grado di …;imstande sein zu …;;;
ricorrere a qc.;in Anspruch nehmen, auf etw zurückgreifen, zu etw greifen;Ho ricorso a misure drastiche;;
in contanti;in Bargeld;;;
venire in mente;in den Sinn kommen, einfallen;;rede;
vicino a qc/qu;in der Nähe (!) von, bei, neben..;;;
nei dintorni di qn./qc.;in der Umgebung von jd/etw;;;
nel frattempo;in der Zwischenzeit;;;
venire alle strette;in die Enge getrieben werden, unter Druck kommen;Vieni alle strette!;rede;
Sotto questo aspetto;in dieser Hinsicht, diesbezüglich;;;
fra un paio di ore;in ein paar Stunden;;;
essere alle strette;in einer Klemme stecken;;rede;
essere su un binario morto;in einer Sackgasse stecken;;rede;
in parole povere;in einfachen Worten;;;
scoppiare in lacrime;in Tränen ausbrechen;;rede;
figuratamente, in senso figurativo, allegorico;in übertragenem Sinne, sinnbildlich (3 );;;
essere incasinato;in Unordnung sein/geraten;;;
zenzero;Ingwer;;;
emorragia interna;innere Blutung;;;
ispirare;inspirieren;;;
interessarsi di qn./qc.;interessieren für etw/jm;;;
una intervista a qu;Interview mit jem;;;
intanto;inzwischen, dagegen, unterdessen;;;
in qualche luogo;irgendwo;;;
nervo sciatico;Ischiasnerv;;;
secolo;Jahrhundert;;;
annuale;jährlich;;;
stringere la mano a qn;jdm. die Hand drücken/geben/schütteln;;rede;
essere una spina nel fianco per qn.;jdm. ein Dorn im Auge sein;Sei la mia spina nel fianco. ... Dorn im Auge;;
essere grato a qn. di qc.;jdm. für etw. dankbar sein;;;
accusare qn. DI qc.;jdn. etw. beschuldigen/bezichtigen;;;
deviare qn./qc.;jdn./etw. ablenken, umleiten;deviare da qc. - von etw. abweichen;;
reperire;jdn./etw. auffinden, beschaffen, nicht ritrovare o attingere;Reperire informazioni - Infos beschaffen;;
sporcare qc/qu;jdn./etw. verschmutzen (coll);;;
sconvolgere i progetti di qn./qc.;jds./etw. Pläne über den Haufen werfen;;rede;
piu …. piu …;je mehr … desto;;;
piú studio, quanto piú so;je mehr ich lerne, desto mehr weiss ich;;rede;
meno mangio quanto piú mi sento bene!;je weniger ich esse, desto besser fühle ich mich!;;rede;
tenere qn.sulla corda/sulle spine;jem auf die Folter spannen (2);;rede;
offendere, insultare qc.;jem beleidigen;;;
svantaggiare qc.;jem benachteiligen;;;
permettere a qc di fare qc;jem erlauben/ermöglichen etw zu tun;;;
raccomandare qc. a qn.;jem etw empfehlen;;;
prestare qc. a qn.;jem etw leihen;;;
colmare qn. di qc.;jem mit etw erfüllen, ausfüllen;;;
dare fastidio a qn.;jem nerven, ärgern;;;
sgridare qu;jem schimpfen;;;
uccidere qn. / ammazzare qn.;jem töten/umbringen;;;
allenare qu;jem trainieren;;;
costringere qn. a fare qc;jem zwingen etw zu tun;;;
andare a prendere qn. a;jem. abholen von;;;
contagiare qn./qc.;jem. anstecken;;;
colpire qn./qc., fare colpo su qc;jem. beeindrucken;;;
mordere qn.;jem. beissen;;;
minacciare qn.;jem. drohen;;;
dare una delusione a qn. / deludere qn./qc.;jem. enttäuschen;;;
ricattare qn.;jem. erpressen;;;
insegnare qc. a qn.;jem. etw. beibringen, lehren;;;
rimproverare a qn. qc. / accusare DI;jem. etw. vorwerfen (2);;;
dare una mano a qn.;jem. helfen, jdm. zur Hand gehen;;rede;
voltare le spalle a qu;jem. im Stich lassen, abbonandare;;rede;
sbolognare qn./qc.;jem. loswerden, etw. weggeben;;;
chiedere un favore a (!) qc;jem. um einen Gefallen bitten;;rede;
fidarsi di qu;jem. vertrauen;;;
imbarazzare qn.;jem. verwirren;;;
spogliare qn./qc.;jem/etw ausziehen (komplett);;;
intralciare qn./qc.;jem/etw behindern;;;
accorgersi di qn./qc. // me ne sono accorto;jem/etw bemerken, wahrnehmen;Me ne accorgo fortemente / Mi sono accorto del problema.;;
allontanare(si) da qn./qc.;jem/etw entfernen (sich von);;;
raggiungere qn./qc.;jem/etw erreichen;;;
soffocare qn./qc.;jem/etw ersticken;;;
di fronte a, nei confronti di qn./qc.;jem/etw gegenüber (2 / räumlich/Einstellung-Haltung);;;
graffiare qn./qc.;jem/etw kratzen;;;
abusare di qn./qc.;jem/etw missbrauchen;;;
diffidare di qn./qc.;jem/etw misstrauen;;;
rovinare qn./qc.;jem/etw ruinieren / kaputt machen;;;
maledire qc./ qn.;jem/etw verfluchen;;;
tentare qn./qc.;jem/etw versuchen;Non sarà tentato di fare qc ... er wird nicht versucht sein;;
rappresentare qn./qc.;jem/etw vertreten/darstellen/repräs.;;;
contraddire qn./qc., contrariare qn./qc.;jem/etw widersprechen (2);;;
strozzare qn./qc.;jem/etw würgen, erdrosseln;;;
alimentare qn./qc.;jem/etw. ernähren, versorgen;;;
qualcuno;jemand;;;
trascurare qn./qc.;jen/etw vernachlässigen;;;
al di la (di qc), oltre qc;jenseits 2 ... Moral / Geographie;oltre il fiume / oltre a Mario, nessuno è venuto;;
Al di là del bene e del male;Jenseits von Gut und Böse;;;
ora mi tiri fuori con qc!?;jetzt kommst du mir mit ... !?;;rede;
ormai, adesso, ora;jetzt, nun;;;
spezzare il cuore a qn.;jmd das Herz brechen;;;
lasciare/piantare in asso qu;jmd im Stich lassen (nicht spalle/2);;rede;
cavo, cavo elettrico, filo;Kabel;;;
gabbia;Käfig;;;
caminetto;Kamin zum Heizen;;;
pettine;Kamm;;;
lotta;Kampf;;;
faticare a;kämpfen, abmühen, sich plagen (nicht sf..);;;
beato te che…;kannst glücklich sein dass…;;rede;
rotto;kaputt, zerbrochen;;;
a stento;kaum, mit Mühe (nicht a malapena);;;
a malapena;kaum, mühsam iSv gerade noch so;;;
torna piu triste di quando era partito;kehrt trauriger zurück als er weggefahren ist;;rede;
non ti sbrigare / non c’è fretta;keine Eile;;rede;
conoscere / conosco / conosciuto / conoscevo / conoscerò;kennen;;;
conoscenza;Kenntnis;;;
mento, doppio mento;Kinn, Doppelkinn;;;
chiarezza;Klarheit;;;
Nelle botti piccole sta il vino buono.;klein aber fein;;rede;
squillare;klingeln, läuten;;;
squillo;Klingelton, auch: Klingeln;;;
suonare;klingen;;;
scoglio / scogli;Klippe / Klippen;;;
ginocchio;Knie;;;
fornello;Kochherd;;;
va e viene;kommt und geht;;rede;
solo soletto;komplett allein, mutterseelenallein;;;
complesso;Komplex (Adj wie Subst);complesso ipogeo;;
complessità;Komplexität;;;
scontro;Konflikt, Gefecht, Zusammenstoss;;;
conformita;Konformität;;;
coerente;konsequent;;;
coerenza;Konsequenz;;;
concetto;Konzept;;;
pelo;Körperhaar, Fell, Pelz, Flor;;;
portamento;Körperhaltung;;;
guerriero;Krieger;;;
cumino;Kümmel;;;
zucca;Kürbis;;;
curva;Kurve, Krümmung;;;
breve, corto;kurz;;;
accorciare qc.;kürzen, verkürzen, abkürzen (Weg, Zeit);;;
sorridere - sorrido - ho sorriso;lächeln;;;
risata;Lachen, Gelächter;;;
ridicolo;lächerlich;;;
caricare qc.;laden, aufladen, beladen;;;
noia;Langeweile;;;
a lungo termine;langfristig;;zeit;
dormiglione;Langschläfer;;;
noioso;langweilig;;;
noioso - annoiato;langweilig - gelangweilt;;;
fastidioso, spiacevole;lästig / unangenehm (2);;;
ad alta voce;laut, mit lauter Stimme;;;
silencioso;lautlos, still;;;
alimentari (m/pl);Lebensmittel;;;
vuoto;leer, Leere;;;
discorso a vuoto;leeres Gerede;;rede;
alziamo il tiro;legen wir die Messlatte höher;;rede;
insegnante (m);Lehrer;;;
lieve;leicht (im Gewicht), auch: sanft;;;
sofferenza;das Leiden, Qual, Schmerz (nicht p..);la sofferenza causata dalla malattia;;
prestito;Leihgabe, Ausleihe, Darlehen;;;
in prestito;leihweise;;;
impara dalle tue esperienze!;Lerne aus deinen Erfahrungen!;;rede;
imperando a dare un tempo ai tempo tuoi;lernen seiner (deiner) Zeit eine Zeit zu geben;;rede;
domenica scorsa;letzten Sonntag;;;
brillare;leuchten, funkeln, strahlen;;;
la luce;das Licht;;;
colpo di fulmine;Liebe auf den ersten Blick;;;
mal d’amore : essere malato d’amore;Liebeskummer / haben;;;
consegnare qc. a qn./qc.;liefern etw an jm;;;
il labbro / le labbra;die Lippe / die Lippen;;;
di recente;ln letzter Zeit;;;
sciolto;locker, gelassen, eigentl: gelenkig;Sei sciolto;;
cucchiaio;Löffel;;;
non ne vale la pena;das lohnt sich nicht;;rede;
mollare;loslassen, nachgeben, aufgeben, lockern, einweichen;Mollare qc - mit jem Schluss machen;;
trattenere il respiro;die Luft anhalten;;rede;
dire bugie;lügen;;;
bugiardo;Lügner;;;
avere voglia di (fare) qc.;Lust auf etw haben / etw zu tun;;;
voglia;Lust, Wille, Begierde;;;
svogliato;lustlos;;;
fallo per me;mach es für mich;;rede;
Taglia corto!;Mach es kurz!;;rede;
non fare/dire fesserie!;mach/red keinen Blödsinn!;;rede;
non fa niente!;macht nichts!;;rede;
lo stomaco canta!;der Magen brummt!;;rede;
Non si sa mai.;Man kann nie wissen;;rede;
Non si finisce mai di imparare;Man lernt nie aus;;rede;
bisognA + Infinitiv;Man muss ... etc machen, kein di!;;rede;
Bisogna battere il ferro finché è caldo;Man muss das Eisen schmieden solange es heiss ist!;;rede;
qualche volta, a volte;manchmal (2);;;
azione / attività di marketing;Marketingaktion / aktivität;;;
la scala della misura;der Masstab der Messung;;;
più di ogni cosa;mehr als alles;;;
il mio obiettivo;mein ziel;;;
i miei piano saltati;meine Pläne sind geplatzt (nicht sco..);;rede;
opinione, parere (beide fem);Meinung, Ansicht, Standpunkt (2);;;
la maggior parte;der meiste Teil;;;
capolavoro;Meisterwerk;;;
umanamente;menschlich;;;
misurare;messen;;;
mi circonda un vuoto immenso,dentro e fuori;mich umgibt eine riesige Leere, innen und aussen;;rede;
affitare qc.;mieten;;;
emicrania;Migräne;;;
minoranza;Minderheit;;;
minorenne;minderjährig;;;
nei miei confronti;mir gegenüber;;rede;
mi va (di fare qc / stare);Mir ist danach (etw zu machen/sein);;rede;
non sono riuscito più a;mir ist es nicht mehr gelungen zu / ich konnte…;;rede;
mi scoppia la testa;mir platzt der Kopf;(Scoppiare // scopare);rede;
a me pare;mir scheint;;rede;
Avevo in mente un'altra soluzione.;mir schwebte eine andere Lösung vor;;rede;
abuso;Missbrauch;;;
disavventura;Missgeschick, Unglück;;;
sfiducia, diffidenza;Misstrauen (2);;;
equivoco, malinteso;Missverständnis;;;
fare una cazzata;Mist bauen;;rede;
apposta;mit Absicht, absichtlich;;;
sbattere le ciglia;mit den Wimpern klimpern / mit ... flirten;;rede;
occuparsi di qc/qn;mit jem/etw beschäftigen, befassen;;;
lottare con impegno;mit vollem Einsatz kämpfen;;;
con poche eccezione;mit wenigen Ausnahmen;;rede;
pièta, compassione;Mitleid;;;
pennichella;Mittagsschläfchen;;;
il dito medio;Mittelfinger;;;
mensile;monatlich;;;
Chi lotta con i mostri dovrebbe fare attenzione a non diventare, così facendo, un mostro.;das Monster Zitat;;rede;
zitto zitto;mucksmäuschenstill;;rede;
valere / valgo / è valsa la pena;der Mühe wert sein (Formen!);;rede;
fatica, sforzo;Mühe, Anstrengung, Strapaze (2);;;
faticoso (-amente), a fatica;mühsam (2, mit abplagen im Sinn);Sono arrivato a fatica alla cima della montagna...mühsam / il lavoro è faticoso;;
i gusti musicali;Musikgeschmack;;;
dolori muscolari;Muskelkater;;;
avere da + Infinitiv (ho da lavorare);müssen (nicht dovere);;;
scoraggiato;mutlos;;;
dopo aver + PP (aver mangiato);nachdem man etwas getan hat;;;
dopo;nachdem, später;;;
permaloso;nachtragend;;;
ago / aghi;Nadel s/pl;;;
unghie;Nägel (Finger);;;
vicinanza;Nähe;vicinanza umana;;
candore // ingenuita;Naivität (Reinheit // mangelnde Erfahrung);;;
bagnato;nass, feucht;;;
accanto a;neben etwas;;;
prendere / ho preso;nehmen;;;
propensione;Neigung, Bereitschaft;;;
rompiballe;Nervensäge;;;
non tutte le ciambelle riescono col buco;Nicht alle Krapfen gelingen mit einem Loch / nicht alles klappt;;rede;
vantaggio incolmabile;nicht aufholbarer Vorsprung;;rede;
non nel senso di;nicht im Sinne von;;rede;
mica male (quella ragazza);nicht übel!;;rede;
niente di meno che;nichts weniger als / niemand weniger als;;rede;
pisolino, pennichella;Nickerchen;;;
mai prima;nie zuvor;;zeit;
sconfitta;Niederlage;;;
Devi avere ancora il caos dentro di te per partorire una stella danzante;das Nietzsche Zitat zum tanzenden Stern;;rede;
toglimi una curiosita;nimm mir eine Neugierde;;rede;
Non per molto tempo;noch lange nicht;;;
di solito;normalerweise, gewöhnlich;;;
essere necessario fare qc;nötig sein etw zu machen;;;
Solo allora ne sarà valsa la pena;Nur dann wird es der Mühe wert gewesen sein;;rede;
sebbene + Conj;obwohl, wenn auch, auch wenn, trotz;Sebbene sia stanco, continuerò a lavorare;;
oppure, o, o invece;oder, sonst;;;
forno;Ofen, Backofen;;;
pendente;offen (Problem), schief;;;
la società aperta e i suoi nemici;die offene Gesellschaft und ihre Feinde;;rede;
ovvio / ovviamente;offensichtlich;;;
spesso;oft;;;
più spesso dal solito;öfter als sonst;;;
senza sforzo;ohne Mühe;;;
senza se e senza ma;ohne wenn und aber;;rede;
orecchino;Ohrring;;;
carta;Papier;;;
appropriato, conveniente;passend (2);;;
addato a te?;passend für dich?;;rede;
accadere / è accaduto;passieren, geschehen, sich ereignen;;;
capitare;passieren, geschehen, zu einem Ort kommen;Capitare in visita a Milano;;
capita a tutti;das passiert jedem;;rede;
capita spesso;das passiert oft;;rede;
sosta;Pause;;;
sfiga, sfortuna;Pech, Unglück (2, nicht dissvv..);;;
imbarazzante;peinlich;;;
brio;Pep, Munterkeit, Feuer, Verbe, Schwung;;;
prospettiva;Perspektive;;;
padella, tegame (m), tegamino;Pfanne, kleine Pfanne;;;
zampa;Pfote;;;
fisico;physisch;;;
all‘improvviso;plötzlich;;zeit;
mancanza di principi;Prinzipienlosigkeit;;;
provare a fare qc;probieren etw zu machen;;;
il problema / i problemi;Problem / Probleme;;;
il problema (m) / i problemi;das Problem/die P.;;;
pulire;putzen;;;
indovinare;raten;;;
enigma (m!);Rätsel (m/f?);;;
enigmatico;rätselhaft;;;
avere il diritto di fare qc;das Recht haben etw zu tun;;rede;
la retta via (declinare/deviare qn);der rechte Weg (abkommen/jm abbringen);;rede;
ridurre;reduzieren, etw verringern;ho ridotto / ridurrò / riduco, riduci...;;
gocce di pioggia / goccia / gocce;Regentropfen / Tropfen sg/pl;;;
piovere / ha piovuto / Pioverà;regnen inkl Formen;;;
primato;Rekord;;;
riparazione (f);Reparatur;;;
giudice;Richter;;;
rompere le palle / le scatole;richtig nerven / 2 / vulgär;;rede;
tubo;Rohr;;;
romanzo;Roman;;;
schiena;Rücken;;;
zaino;Rucksack;;;
riguardo;Rücksicht;;;
senza riguardo;rücksichtslos;;;
riguardoso;rücksichtsvoll;;;
scivolare;rutschen, flutschen, gleiten;;;
succo, essenza;Saft, Kern, Wesen (2);Succo della questione - Kern der Frage;;
basta dirlo;sag es einfach;;rede;
raccogliere qc / ho raccolto;sammeln etw;;;
frase (f) / frasi;Satz / Sätze (m/f?);;;
danno;der Schaden;;;
nuoce alla saluta;Schädlich für die Gesundheit;;rede;
ce la fai da solo?;schaffst du es alleine?;;rede;
intelletto fine, arguzia;scharfer Verstand (2);;;
coltello affilato;scharfes Messer;;;
arguzia;Scharfsinn;;;
guarda, non ci crederai;schau, du wirst es nicht glauben;;rede;
parere qn./qc. // ha parso // mi pare che + conj;scheinen, passen, jem/etw ähneln, nicht sembr.. inkl PP;;;
ipocrita;scheinheilig, heuchlerisch;;;
regalare qc. a qn.;schenken jem. etw.;;;
le forbici;die Schere;;;
atroce, atroce calore;scheusslich grausam zb Hitze;;;
destino;Schicksal;;;
comunità di destino;Schicksalsgemeinschaft;;rede;
andare storto;schief gehen;;rede;
andare in vacca;schief gehen, in die Hose gehen;;rede;
moscio (cazzo);schlaff;;;
sonnolenza;Schläfrigkeit;;;
colpo;Schlag, Schuss, Hieb;;;
battuta;Schlagfertige Antwort, auch: Stichwort;;;
essere scaltro come una volpe;schlau wie ein Fuchs sein;;rede;
scaltro;schlau, gerissen;;;
coscienza sporca;schlechtes Gewissen;;;
maltempo;Schlechtes Wetter;;;
muco;Schleim;;;
mucosa;Schleimhaut;;;
dopotutto;schliesslich (und endlich);;;
peggio;schlimmer, schlechter;(Oggi sto peggio di ieri);;
goccia di vino / goccia;Schluck Wein, kleiner Schuss;;;
ingoiare qc.;schlucken;;;
Smettila con queste pazzie;Schluss jetzt mit …. (diesen Verrücktheiten);;rede;
la chiave / le chiavi;Schlüssel (m/f);;;
sciogliersi / sciolgo / scioglie / si è sciolto;schmelzen;;;
lumaca;Schnecke;;;
nevicare;schneien;;;
anche adesso;schon jetzt;;zeit;
attingere da qc. / ricorrere a qc.;schöpfen aus/entnehmen - etw in Anspruch nehmen, zurückgreifen auf;Ho attinto / ho ricorso;;
urlare, gridare;schreien;;;
colpevole;Schuldiger;;;
spalla;Schulter;;;
brividi;Schüttelfrost;;;
debole;schwach;;;
debolezza;Schwäche;;;
cognato/a;Schwager/Schwägerin;;;
barcollare;schwanken, taumeln, wanken;;;
chiacchierone;Schwätzer;;;
sudore;Schweiß;;;
malinconico;schwermütig, trübsinnig;;;
sudare, traspirare;schwitzen;;;
afoso;schwül;;;
vedere / vedo / ho visto / vedrò;sehen / ….;;;
Molto volentieri posso venirti incontro;sehr gern kann ich dir entgegenkommen;;rede;
essere teso come le corde di un violino;sehr sehr (an)gespannt sein;;rede;
stai zitto!;sei still!;;;
Ragiona!;Sei vernünftig!;;rede;
corda;Seil;;;
da / da quando;seit / seitdem (seit wann) (2);;zeit;
da un'eternità;seit einer Ewigkeit;;zeit;
per un bel po;seit einer ganzen Weile;;;
sono anni che … / da anni ....;seit Jahren… (2);;zeit;
da poco tempo;seit kurzem;;zeit;
da tanto, per molto tempo;seit langem;;;
da giorni;seit Tagen;;zeit;
anche se + Indikativ;selbst wenn, auch wenn;Anche se piove, andrò al parco;;
stima di se stesso;Selbstachtung;;;
inganno di se stesso;Selbstbetrug;;;
autoironia;Selbstironie;;;
suicidio;Selbstmord;;;
uccidersi / suicidarsi / lui si è ucciso;Selbstmord begehen;;;
mandare, inviare;senden, schicken (2);;;
(ri) avvicinarsi a qn./qc.;sich (wieder-) annähern an jem/etw;;;
svagarsi / distrarre qn.;sich / jem ablenken;distraggo/distrai/distrae/distraiamo/distraete/aggono/distratto/distrarrò;;
ricordarsi di qc;sich an etw erinnern;;;
rivolgersi a qn./qc.;sich an jem wenden, ansprechen;;;
stringersi a qn./qc.;sich an jem/etw ankuscheln / zusammenrücken;;;
sforzarsi (di fare qc.);sich anstrengen (etw zu tun);;;
farsi strada;sich Bahn brechen;;;
impegnarsi;sich bemühen;;;
arrovellarsi il cervello per / su qc.;sich den Kopf über etw zermartern;;;
scusarsi;sich entschuldigen;;;
mettere le palle all'aria;sich entspannen (ugspr, nicht ...agio...);;rede;
farsi prestare qc. da qn.;sich etw von jem leihen;;;
infatuarsi di qn./qc;sich in etw vernarren, begeistern;;;
mettersi nei panni di qn.;sich in jds. Lage versetzen;;rede;
permettersi;sich leisten;;;
rassegnarsi a qn./qc.;sich mit etw abfinden / resignieren;;;
anelare a qc./qu.;sich nach etwas sehnen;Anelo a te / anelo alla libertà;;
vergognarsi;sich schämen;;;
abbandonare a se stesso;sich selbst überlassen;;;
sentirsi sopra le nuvole;sich über den Wolken fühlen;;rede;
essere / sentirsi a disagio;sich unwohl (in einer Situation) fühlen (2);essere imbarazzato - vergognarsi;;
liberarsi da un impegno;sich von einer Verpflichtung lösen;;;
sentirsi a proprio agio;sich wohlfühlen;;;
sudare sette camicie;sich zerreissen für etw, nicht farsi in quattro;;rede;
calare;sinken, fallen (Sonne, Preise, Kurse, Temp,..);;;
sentimento del bene e del male;Sinn für Gut und Böse;;;
allegorico;sinnbildlich;;;
percezione sensoriale;Sinneswahrnehmung;;;
cambiamento di idee / opinione;Sinneswandel;;;
sensuale (donna);sinnlich (Frau);;;
senza senso, assurdo;sinnlos (2);;;
sensato;sinnvoll;;;
schiavo;Sklave;;;
Il prima possibile, al piú presto;so bald / schnell wie möglich (2);;zeit;
il più presto possibile / al più presto / il prima possibile;so früh wie möglich (3);;zeit;
il più spesso possibile;so oft wie möglich;;zeit;
appena possibile | il piu rapidamente possibile;so schnell wie möglich (Aufgabe beginnen | durchführen);;zeit;
per quanto;so sehr (du auch etw tust), soweit, wie sehr auch;Per quanto provi, non riuscirai!;;
dovrebb’essere cosi;so sollte es sein;;rede;
fare finta di ..;so tun als ob (eher schelmisch);;;
per quanto puoi;so viel wie du kannst;;;
non appena;sobald;;zeit;
addirittura, persino;sogar (2);;;
finché + Ind / affinché + conj / perciò +Ind.;solange - damit - deshalb (folglich);"Finché c'è vita c'è speranza.
Minaccia pioggia, perciò mi porto l'ombrella affinché non sia bagnato";;
finché + Ind;solange (solange es geht);Studiero finche ho energia - solange;zeit;
più tempo possibile;solange wie möglich;;zeit;
tale;solch, derartig;;;
abbronzatura;Sonnenbräune;;;
altrimenti;sonst;;;
pena;Sorge, Kummer, auch: Strafe, Mitleid;pena di morte, provo pena per qu,;;
spensierato;sorgenfrei;;;
avvincente, emozionante;spannend (2);;;
tarda notte, fino a tarda notte;spät nachts, bis spät nachts/in der Nacht;;zeit;
più tardi, dopo;später (2);;;
al più tardi;spätestens;;;
passeggiata;Spaziergang;;;
specchio;Spiegel;;;
Parliamone dal vivo;Sprechen wir persönlich darüber;;rede;
proverbio;Sprichwort;;;
sputare qc;spucken;;;
punto di vista;Standpunkt;;;
cocciuto, testardo;starrköpfig, stur;;;
invece;stattdessen;;;
aspirapolvere;Staubsauger;;;
pungere;stechen;;;
essere in piedi;stehen (körperl. Haltung);;;
rubare;stehlen;;;
ripido;steil;;;
il sasso : la pietra;der Stein (2 Begriffe);;;
morire /muoio/muori/muore/moriamo/morite/muoiono;sterben;Sono morto/morivo/morirò/morendo;;
fermo;still iSv unbeweglich, stillstehend;;;
umore, stato d'animo;Stimmung, Laune;;;
incazzato;stinkwütend;;;
la fronte;Stirn;;;
tessuto;Stoff, Gewebe;;;
orgoglio;Stolz;;;
orgoglioso di qn./qc.;stolz auf …;;;
punizione, multa;Strafe;;;
multa;Strafe;;;
reato;Straftat;;;
spiaggia;Strand;;;
attraversare la strada;die Straße überqueren;;;
carezzare qn./qc.;streicheln;;;
sciopero;Streik;;;
litigio, disputo;Streit;;;
litigare;streiten;;;
la tempesta;Sturm;;;
tempestoso;stürmisch (auch fig.);;;
equivoco (adj), ambiguo;suspekt, zwielichtig, 2deutig, zweifelhaft, anrüchig (2);;;
quotidiano;täglich;;;
tazza;Tasse;;;
infatti;tatsächlich, in der Tat;;;
sordo;taub;;;
cambio;Tausch, Getriebe, Wechselkurs, ...;Cambio di potere - Machtwechsel,;;
condividere qc.;teilen (Ideen, Meinungen etc);;;
in parte;teilweise;;;
fare la scarpetta;Teller auswischen;;rede;
il piatto, la fondina;Teller, tiefer Teller;;;
profondità;Tiefe, Tiefgang;;;
tempismo;Timing;;;
acufeni (m/pl);Tinnitus;;;
stanco morto;todmüde;;;
imbranato (Subst);Tölpel, Tollpatsch;;;
suono;Ton, Klang, Schall;;;
tonnellata / tonnellate;Tonne (Gewicht);;;
pentola;Topf;;;
essere sfigato;total out sein;;;
ammazzare;töten;;;
allenamento;Training;;;
trazione;Traktion, Kraftübertragung;trazione anteriore/posteriore/elettrica;;
voci di paese;Tratsch & Klatsch;;rede;
lutto;Trauer;;;
colpire;treffen, emotional berühren, beeindrucken;Erdbeben, Geschichte, Fenster;;
scendere le scale;die Treppe hinuntergehen;;rede;
scala;Treppe, Leiter, Massstab;;;
fedele;treu;;;
fedeltà;Treue;;;
mancia;Trinkgeld;;;
nonostante tutto;trotz allem;;;
nonostante qc. (la pioggia), malgrado qc.;trotz etwas (2!);;;
comunque;trotzdem, jedenfalls, auf jeden Fall;;;
fai finta di niente;tu so als wäre nichts (passiert);;rede;
riflettere su qc / ho riflettuto / riffletero;über etwas nachdenken;;;
ovunque;überall;;;
intesa, accordo, patto, convenuto;Übereinkunft, Vereinbarung (4);;;
sovrappeso;übergewichtig;;;
affatto;überhaupt;;;
non affatto;überhaupt nicht;;;
ponderazione, riflessione, considerazione;Überlegung (3);;;
dopodomani;übermorgen;;zeit;
travolto;überrollt;;;
tradurre/traduco/traduci/-ce/-ciamo/-cete/-cono/ho tradotto;übersetzen;;;
trasmettere;übertragen, senden;;;
superare;übertreffen, überholen, bestehen, überschreiten;superare il limite, un esame, il muro del suono;;
bonifico;Überweisung;;;
convincere;überzeugen;;;
convinto;überzeugt;;;
convinzione;Überzeugung;;;
solito - di solito - come al solito;üblich/normal - üblicher-/normalerweise - wie üblich;;;
intorno a;um (zeit/ort) herum;;zeit;
per abbreviarla;um es kurz zu machen (es abzukürzen);;rede;
A nessun prezzo;um keinen Preis;;;
circonferenza;Umfang;;;
dintorni m/pl;Umgebung;;;
circonstanze;Umstände;;;
controverso;umstritten;;;
inquinante;umweltschädlich, verunreinigend;;;
sacrosanto, intoccabile;unantastbar, unverletzbar;;;
disagio;Unbehagen, Verlegenheit;;;
sconosciuto;unbekannt;;;
scomodo;unbequem;;;
insopportabile;unerträglich;;;
imbranato;ungeschickt;;;
farla franca;ungeschoren davon kommen;;;
insolito / -mente;ungewöhnlich;;;
squilibrio;Ungleichgewicht;;;
sfortunatamente;unglücklicherweise;;;
controcorrente;unkonventionell;;;
malherba;Unkraut;;;
non c’è bisogno di dire che …;unnötig zu sagen dass …;;rede;
inutile;unnötig, unnütz;;;
inquietudine;Unruhe iFv innerer Aufregung;;;
inquieto;unruhig (innerlich, emotional);;;
irrequieto;unruhig (physisch, körperlich, Bewegung);;;
incertezza;Unsicherheit;;;
giù;unten, hinunter, herab;;;
tra le altre cose;unter anderem;;;
soffrire di qc.;unter etw leiden;Ne soffro anch'io;;
tenere sotto controllo;unter Kontrolle halten;;rede;
reprimere;unterdrücken (Gefühle auch);;;
impresa;Unternehmen, Betrieb;;;
imprenditore;Unternehmer;;;
sostenere qn./qc. // sopportare qn./qc.;unterstützen // ertragen - auch: behaupten;;;
sostegno;Unterstützung;;;
sottomesso;unterwürfig;;;
infedele;untreu;;;
infedeltà;Untreue;;;
facoltativo, senza impegno;unverbindlich (2);;;
insensato;unvernünftig, töricht;;;
irrecuperabile;unwiederbringlich;;;
di colpo;urplötzlich, schlagartig;;;
tardare qc;ver/hinauszögern, verspäten;;;
cambiamento;Veränderung, Wechsel, Wandel;;;
assumere la responsibilita;Verantwortung übernehmen;;rede;
migliorare (è migl…);verbessern;;;
accanimento;Verbissenheit, Wut, Ausdauer, Zähigkeit;;;
impallidire;verblassen;;;
stupire - mi stupisci;verblüffen, überraschen;;;
stupore;Verblüffung, Erstaunen;stupire. L'ho guardato con stupore!;;
sospetto;Verdacht;;;
sospetto, equivoco, ambiguo;verdächtig, zwielichtig (3);;;
concordare;vereinbaren;;;
Mannaggia!;Verflixt!;;;
sedurre qc / seducco / sedotto;verführen (nicht aff..);;;
seducente;verführerisch;;;
svanire / svanito;vergehen, verfliegen (Duft, Gefühl, Hoffnung etc);;;
scordare qn/qc, dimenticare di fare qc;vergessen … zu ..;;;
sprecare;vergeuden;;;
paragonare qn./qc. a qn./qc.;vergleichen etw/jem mit …;;;
confronto a me / rispetto a me;verglichen mit mir;;;
vendita;Verkauf;;;
abbandonare;verlassen, loslassen, aufgeben;;;
imbarazzato;verlegen;;;
ferire qc/qu;verletzen jem/etw;;;
vulnerabile;verletzlich;;;
ferita, lesione (f), ferimento;Verletzung (3);lesi - allg, auch rechtl Verletzung, ferimento - schwere körpl Verl;;
essere infatuato di qc/qu;verliebt/vernarrt in etw/jem sein;;rede;
infatuazione;Verliebtheit;;;
perdere / ho perso;verlieren;;;
infondere/infuso;vermitteln, inspirieren;Mi infondi sempre serenità!;;
presumere / presunto;vermuten;;;
supposizione;Vermutung;;;
sensato, razionale;vernünftig;;;
ragionare;vernünftig denken;;;
impegnio;Verpflichtung, finanz. Verbindl.k, Eifer, Versprechen;;;
tradire/tradisco/tradisci/tradiamo/tradiscono/ho tradito;verraten, betrügen inkl Formen;;;
fallimento;Versagen;;;
fallire;versagen;;;
fallito;Versager;;;
svanire, sparire/sparito;verschwinden (2);;;
scomparire;verschwinden, plötzlich/unerwartet, auch Chancen zb;;;
sfumato;verschwommen, schattig, rauchig;;;
sprofondare / sprofondarsi;versinken / sich vertiefen / eintauchen / sich verlieren (phys/emotio);Nicht approfondire qc.;;
contrazione;Verspannung, Rückgang, Zusammenziehung;;;
mente (f!);Verstand (f/m?);;;
comprensione;Verständnis;;;
comprensivo;verständnisvoll;;;
nascondere qn./qc.;verstecken, verheimlichen, verbergen;;;
nascosto;versteckt;;;
capire / capirò / capivo / capito / capisco;verstehen (Formen!);;;
sconvolto;verstört, erschüttert;;;
tentativo;Versuch (nicht prova);;;
prova;Versuch, Beweis, Probe, Test, ...;;;
cavia;Versuchskaninchen;;;
tentazione;Versuchung;;;
tutelare qc./qu;verteidigen: Interessen, Rechte etc, bewahren, schützen;;;
confidenza;Vertrautheit, Vertraulichkeit;;;
provocare qc.;verursachen, bewirken;;;
confondere qn./qc.;verwechseln jem/etw;;;
rifiutare qn./qc.;verweigern, ablehnen (formell auch Gesuch etc);;;
coccolare qn;verwöhnen;;;
incantare;verzaubern, entzücken;;;
incantesimo;Verzauberung, Zauber;;;
anzi;vielmehr, genau gesagt, besser noch;;;
censimento;Volkszählung, Zensus;;;
intero;vollständig, ganz;;;
alla spina;vom Fass;;;
caduto dal cielo;vom Himmel gefallen;;rede;
essere travolto dagli eventi;von den Ereignissen überrollt werden;;rede;
dalle stelle alle stalle;von der Höhe nach unten... (Redewendung);;rede;
prendere spunto da qn./qc.;von etw. ausgehen, sich von jem./etw. inspirieren lassen;;rede;
distare da qn./qc.;von etw/jem entfernt sein;Quanto dista da lì?;;
dalla testa ai piedi;von Kopf bis Fuss;;rede;
da cima a fondo;von oben bis unten, durch und durch, von A bis Z...;;rede;
prima di tutto, sopratutto;vor allem anderen, vor allem (2);;;
soprattutto;vor allem, ganz besonders;;;
davanti a;vor etwas;;;
ardere di febbre;vor Fieber glühen;;rede;
avere stima di qu;vor jdm. Achtung haben;;;
bollire di rabbia;vor Wut kochen;;rede;
prevedibile;voraus/vorhersehbar;;;
ciò premesso;das vorausgesetzt;;;
purché + conj;vorausgesetzt dass;Puoi andare alla festa purché tu faccia i compiti!;;
scontato;voraussehbar, auch: ermäßigt (Preis);;;
premettere / premesso;voraussetzen;;;
condizione;Voraussetzung, Bedingung;;;
prematuro;voreilig, früh;;;
gioia dell'attesa;Vorfreude;;;
l'altro ieri;vorgestern;;zeit;
intendere di fare qc.;vorhaben etw zu tun;;;
primario;vorrangig, hauptsächlich, primär;;;
proposta;Vorschlag;;;
proposta accettata?;Vorschlag angenommen?;;rede;
proporre / propongo / proposto;vorschlagen;;;
prudente, attento;vorsichtig (2);;;
un immaginario / una idea;Vorstellung (Fantasie), nicht -kraft;;;
la rappresentazione / lo spettacolo;Vorstellung (Theater etc);;;
fingere di;vortäuschen (formaler, iSc Betrug);;;
rimprovero, appunto;Vorwurf (2);;;
crescere;wachsen;cresco - crescevo - sono cresciuto - crescerò;;
pazzia;Wahnsinn, Verrücktheit;;;
accorgersi/rendersi conto/percepire;wahrnehmen/sich bewusst werden (3!);Acc - plötzlicher, rend - kognitiv, perc - Sinne;;
percezione;Wahrnehmung;;;
arrossare le guance;die Wangen röten, erröten;;rede;
sarebbe cosi eccitante;das wäre so aufregend;;rede;
come mai;warum (nicht perche);;;
Perché non ci hai pensato prima?;warum hast du nicht früher daran gedacht?;;rede;
che rottura! che palle! che noia!;was für ein Mist! - wie nervig! - wie langweilig!;;rede;
che spasso!;was für ein Spaß!;;rede;
che fregatura!;was für eine Abzocke!;Che truffa!;rede;
cosa c'è da capire?;Was gibt es da zu verstehen?;;rede;
Cosa c'entra l'uno con l'altro?;was hat das eine mit dem anderen zu tun?;;rede;
quanto darei per …;was ich für … geben würde;;;
cosa è successo?;was ist passiert?;;rede;
Cos'hai in mente?;was schwebt dir vor, was hast du vor?;;rede;
c‘e cos‘e?;was soll das sein, was ist das?;;rede;
quanto ne sai?;Was weisst du davon (wieviel weisst...);;rede;
bucato;Wäsche;;;
lavatrice;Waschmaschine;;;
anguria;Wassermelone;;;
pelo dell'acqua;Wasserspiegel;;;
né ... né;weder .. noch;;;
cammino;Weg;;;
a causa di qc;wegen etw.;;;
omettere qc.;weglassen, etw unterlassen, auslassen;;;
scappare da (Ort), di fare qc, in (wohin);weglaufen (von Ort/vor Situation, vor etw zu tun, nach Ort;;;
piangere / ho pianto;weinen;;;
piu avanti;weiter voran, später, im folgenden;;;
Chissenefrega!;wen kümmerts;;rede;
voltare;wenden, umdrehen, zuwenden;;;
almeno;wenigstens;;;
se continui cosi, finirai nei guai!;wenn du so weitermachst, wirst du Ärger bekommen!;;rede;
quando si tratta di;wenn es um … geht;;rede;
quando penso di voler salvare il mondo...;wenn ich denke, dass ich die Welt retten will... (Form!);;;
se non ci penso;wenn ich nicht daran denke;;rede;
se almeno;wenn wenigstens;;;
chi - a chi;wer - wem;;;
chissà;wer weiß;;;
non sarai preda delle gelosie;werde nicht opfer (Beute) der Eifersucht;;rede;
gettare;werfen;Gettare … un bacio a te, la maschera, la spugna, olio sulle fiamme;;
officina;Werkstatt;;;
valore (m);Wert (auch moralisch);;;
stima;Wertschätzung, Achtung iSv Resp, Schätzwert;;;
giubbotto;Weste;;;
scomessa;Wette;;;
gara, competizione, concorso;Wettkampf (3);;;
fare la sega / la federica;wi..sen (2);;;
incongruente, contraddittorio;widersprüchlich (2);;;
resiliente;widerstandsfähig;;;
resistenza, capacità di resistere;Widerstandskraft, -fähigkeit;;;
resistere;widerstehen;;;
come sembri;wie du aussiehst;;rede;
a quanto pare;wie es aussieht/scheint, anscheinend;;;
Come ti pare?;wie gefällt es dir? was hältst du davon?;;;
quanto sei alto? fesso! bella!;wie gross bist du / bist du bescheuert / schön!;;rede;
Come ti viene in mente?;wie kommst du darauf?;;rede;
quanto ti fermi qui?;wie lange bleibst du hier?;;rede;
Quanto (tempo) ci vorrà?;wie lange wird es dauern?;;rede;
Che noia! Che palle! (vulg);Wie langweilig!;;rede;
ogni quanto ..., quanto spesso ...?;wie oft ...? (2);Ogni quanto passa l'autobus?;;
al solito;wie üblich (nicht normalerweise), wie gewöhnlich;;;
come al solito;wie üblich, wie gewohnt;;;
come d'intesa;wie vereinbart;;;
come concordato;wie vereinbart;;;
fulminato;wie vom Blitz getroffen;;;
di nuovo lo stesso pensiero allo stesso tempo;wieder einmal derselbe Gedanke zur selben Zeit;;rede;
riconoscibile;wiedererkennbar;;;
ripetere / ripetuto;wiederholen / wiederholt;;;
selvaggio;wild, auch: grausam;;;
ciglia;Wimpern;;;
minuto;winzig, fein, klein;;;
ci siamo divertiti;wir haben uns amüsiert;;rede;
abbiamo molto in comune;Wir haben viel gemeinsam;;rede;
guardiamo negli occi;wir schauen uns in die Augen;;rede;
saremmo;wir wären;;;
spina dorsale;Wirbelsäule, Rückgrat;;;
proprio;wirklich, genau, gerade;;;
effetto su di qc/qu;Wirkung auf etw/jem;;;
revisore di bilancio;Wirtschaftsprüfer;;;
sappi che;wisse dass;;;
Sai che mi piace stuzzicarti;wisse dass es mir gefällt dich zu necken;;rede;
scienza;Wissenschaft;;;
scientifico;wissenschaftlich;;;
agio, benessere;Wohlbefinden, Bequemlichkeit;;;
nuvola;Wolke;;;
Prego, prima lei!;wörtl Bitte, Sie zuerst, Nach Ihnen!;;rede;
staccare la spina;wörtl: Stecker ziehen, entspannen, erholen;;rede;
desiderabile;wünschenswert;;;
rabbia, furore, furia;Wut, Zorn;;;
contare su qc/qu;zählen auf jmd/etw;;;
affettuoso, tenero;zärtlich (2);;;
tenerezza, affettuosità, tenero;Zärtlichkeit (3);;;
disegnare;zeichnen;;;
mostrare, indicare, presentare;zeigen;;;
guadagnare tempo;Zeit gewinnen;;rede;
metterci una vita / un'ora ... per fare qc;Zeit/Mühe brauchen um etwas zu tun;;rede;
bomba ad orologio;Zeitbombe;;;
percezione del tempo;Zeitgefühl;;;
spreco di tempo;Zeitverschwendung;;;
strappare qc.;zerreissen, ausrupfen, jmd etw entreissen, wegnehmen;;;
Non dire gatto se non l'hai nel sacco!;Zerteile das Fell des Bären nicht, bevor Du ihn erlegt hast!;;rede;
roba;Zeug, Sachen;;;
tirare / tiro / tiri / ho tirato / tiravo / tirerò;ziehen;;;
togliere qc. / ho tolto;ziehen, entfernen, etw abnehmen uä;;;
sbagliare mira;das Ziel verfehlen;;rede;
traguardo;Ziel(linie);;;
cannella;Zimt;;;
citazione;Zitat;;;
tremare;zittern;;;
disposto a tutto;zu allem bereit;;;
essere pronto / disposto a qc.;zu etw. bereit sein (2 Begriffe);;;
troppo presto;zu früh;;zeit;
andare a piedi;zu Fuss gehen;;;
pranzare;zu Mittag essen;;;
troppi elogi;zu viel des Lobs!;;rede;
carota e bastone;Zuckerbrot und Pfeitsche;;rede;
coincidenza;Zufall;;;
per caso;zufällig;;;
appartenenza;Zugehörigkeit;;;
concedere qc. a qn.;zugestehen, gönnen, bewilligen etw an jem;;;
per la prima volta;zum ersten Mal;;;
prendere come esempio;zum Vorbild nehmen;;;
per lo meno quando;zumindest wenn (positiv!);Non posso farlo, per lo meno posso provarlo;;
aumento;Zunahme;;;
ingrassare;zunehmen, fett werden;;;
affetto;Zuneigung nicht amore;;;
rendere, restituare;zurückgeben;;;
rigetto;Zurückweisung;;;
insieme a qn./qc.;zusammen mit j/etw;;;
crollare / crollato;zusammenbrechen einstürzen;;;
sintesi (f);Zusammenfassung, auch „Verschmelzung“;;;
nesso;Zusammenhang, Verbindung;;;
senza nesso;zusammenhanglos;;;
aggiuntivo;zusätzlich;;;
fiducia;Zuversicht, Vertrauen;;;
fiducioso;zuversichtlich;;;
troppe cose da fare per coltivare malinconia;zuviel zu tun um der Schwermut zu pflegen;;rede;
coercizione;Zwang;;;
scopo;Zweck, Ziel, nicht obiettivo/traguardo;;;
ambiguità;Zweideutigkeit;;;
dubbio;Zweifel;;;
dubitare di qn./qc.;zweifeln an;;;